Year,Atoll,Island,Treatment,Transect,Genus,Group,Percent,Proportion
2015,Great_Chagos_Bank,Eagle,Rats,1,n/a,CCA,19.67,0.1967
2015,Great_Chagos_Bank,Eagle,Rats,2,n/a,CCA,35,0.35
2015,Great_Chagos_Bank,Eagle,Rats,3,n/a,CCA,21.33,0.2133
2015,Great_Chagos_Bank,Eagle,Rats,4,n/a,CCA,29,0.29
2015,Peros_Banhos,Grande_Ile_Coquillage,No_rats,1,n/a,CCA,17,0.17
2015,Peros_Banhos,Grande_Ile_Coquillage,No_rats,2,n/a,CCA,9,0.09
2015,Peros_Banhos,Grande_Ile_Coquillage,No_rats,3,n/a,CCA,5.67,0.0567
2015,Peros_Banhos,Grande_Ile_Coquillage,No_rats,4,n/a,CCA,28.67,0.2867
2018,Peros_Banhos,Grande_Ile_Coquillage,No_rats,1,n/a,CCA,70,0.7
2018,Peros_Banhos,Grande_Ile_Coquillage,No_rats,2,n/a,CCA,40,0.4
2018,Peros_Banhos,Grande_Ile_Coquillage,No_rats,3,n/a,CCA,60,0.6
2018,Peros_Banhos,Grande_Ile_Coquillage,No_rats,4,n/a,CCA,60,0.6
2015,Peros_Banhos,Grande_Ile_Mapou,Rats,1,n/a,CCA,20.67,0.2067
2015,Peros_Banhos,Grande_Ile_Mapou,Rats,2,n/a,CCA,15.33,0.1533
2015,Peros_Banhos,Grande_Ile_Mapou,Rats,3,n/a,CCA,14,0.14
2015,Peros_Banhos,Grande_Ile_Mapou,Rats,4,n/a,CCA,3,0.03
2018,Peros_Banhos,Grande_Ile_Mapou,Rats,1,n/a,CCA,5,0.05
2018,Peros_Banhos,Grande_Ile_Mapou,Rats,2,n/a,CCA,5,0.05
2018,Peros_Banhos,Grande_Ile_Mapou,Rats,3,n/a,CCA,13.33,0.1333
2018,Peros_Banhos,Grande_Ile_Mapou,Rats,4,n/a,CCA,13.33,0.1333
2015,Salomon,Ile_de_la_Passe,No_rats,2,n/a,CCA,1.33,0.0133
2015,Salomon,Ile_de_la_Passe,No_rats,3,n/a,CCA,0.67,0.0067
2015,Salomon,Ile_de_la_Passe,No_rats,4,n/a,CCA,0.33,0.0033
2018,Salomon,Ile_de_la_Passe,No_rats,1,n/a,CCA,11.86,0.1186
2018,Salomon,Ile_de_la_Passe,No_rats,2,n/a,CCA,13.56,0.1356
2018,Salomon,Ile_de_la_Passe,No_rats,3,n/a,CCA,8.93,0.0893
2018,Salomon,Ile_de_la_Passe,No_rats,4,n/a,CCA,1.67,0.0167
2015,Salomon,Ile_Fouquet,Rats,3,n/a,CCA,1,0.01
2018,Salomon,Ile_Fouquet,Rats,1,n/a,CCA,8.33,0.0833
2018,Salomon,Ile_Fouquet,Rats,2,n/a,CCA,3.33,0.0333
2018,Salomon,Ile_Fouquet,Rats,3,n/a,CCA,5,0.05
2018,Salomon,Ile_Fouquet,Rats,4,n/a,CCA,6.78,0.0678
2015,Peros_Banhos,Ile_Longue,No_rats,1,n/a,CCA,15.67,0.1567
2015,Peros_Banhos,Ile_Longue,No_rats,2,n/a,CCA,18,0.18
2015,Peros_Banhos,Ile_Longue,No_rats,3,n/a,CCA,7.67,0.0767
2015,Peros_Banhos,Ile_Longue,No_rats,4,n/a,CCA,6.33,0.0633
2018,Peros_Banhos,Ile_Longue,No_rats,1,n/a,CCA,45,0.45
2018,Peros_Banhos,Ile_Longue,No_rats,2,n/a,CCA,38.33,0.3833
2018,Peros_Banhos,Ile_Longue,No_rats,3,n/a,CCA,35,0.35
2018,Peros_Banhos,Ile_Longue,No_rats,4,n/a,CCA,40,0.4
2015,Peros_Banhos,Ile_Poule,Rats,1,n/a,CCA,4.67,0.0467
2015,Peros_Banhos,Ile_Poule,Rats,2,n/a,CCA,4,0.04
2015,Peros_Banhos,Ile_Poule,Rats,3,n/a,CCA,4,0.04
2015,Peros_Banhos,Ile_Poule,Rats,4,n/a,CCA,15.67,0.1567
2018,Peros_Banhos,Ile_Poule,Rats,1,n/a,CCA,36.67,0.3667
2018,Peros_Banhos,Ile_Poule,Rats,2,n/a,CCA,8.33,0.0833
2018,Peros_Banhos,Ile_Poule,Rats,3,n/a,CCA,63.33,0.6333
2018,Peros_Banhos,Ile_Poule,Rats,4,n/a,CCA,36.67,0.3667
2015,Great_Chagos_Bank,Middle_Brother,No_rats,1,n/a,CCA,13,0.13
2015,Great_Chagos_Bank,Middle_Brother,No_rats,2,n/a,CCA,2.33,0.0233
2018,Great_Chagos_Bank,Middle_Brother,No_rats,1,n/a,CCA,21.67,0.2167
2018,Great_Chagos_Bank,Middle_Brother,No_rats,2,n/a,CCA,23.33,0.2333
2018,Great_Chagos_Bank,Middle_Brother,No_rats,3,n/a,CCA,35,0.35
2018,Great_Chagos_Bank,Middle_Brother,No_rats,4,n/a,CCA,13.33,0.1333
2015,Great_Chagos_Bank,Nelson_Island,No_rats,1,n/a,CCA,18,0.18
2015,Great_Chagos_Bank,Nelson_Island,No_rats,2,n/a,CCA,20.67,0.2067
2015,Great_Chagos_Bank,Nelson_Island,No_rats,3,n/a,CCA,35,0.35
2015,Great_Chagos_Bank,Nelson_Island,No_rats,4,n/a,CCA,16,0.16
2015,Peros_Banhos,PB_Ile_Anglaise,Rats,2,n/a,CCA,3,0.03
2015,Peros_Banhos,PB_Ile_Anglaise,Rats,3,n/a,CCA,0.67,0.0067
2018,Peros_Banhos,PB_Ile_Anglaise,Rats,1,n/a,CCA,10,0.1
2018,Peros_Banhos,PB_Ile_Anglaise,Rats,3,n/a,CCA,5,0.05
2018,Peros_Banhos,PB_Ile_Anglaise,Rats,4,n/a,CCA,1.67,0.0167
2015,Salomon,Sal_Ile_Anglaise,Rats,3,n/a,CCA,0.33,0.0033
2018,Salomon,Sal_Ile_Anglaise,Rats,1,n/a,CCA,1.67,0.0167
2018,Salomon,Sal_Ile_Anglaise,Rats,2,n/a,CCA,6.9,0.069
2018,Salomon,Sal_Ile_Anglaise,Rats,3,n/a,CCA,6.78,0.0678
2015,Great_Chagos_Bank,South_Brother,No_rats,2,n/a,CCA,0.33,0.0033
2015,Great_Chagos_Bank,South_Brother,No_rats,3,n/a,CCA,2.33,0.0233
2015,Great_Chagos_Bank,South_Brother,No_rats,4,n/a,CCA,0.33,0.0033
2018,Great_Chagos_Bank,South_Brother,No_rats,1,n/a,CCA,3.33,0.0333
2018,Great_Chagos_Bank,South_Brother,No_rats,2,n/a,CCA,21.67,0.2167
2018,Great_Chagos_Bank,South_Brother,No_rats,3,n/a,CCA,15,0.15
2018,Great_Chagos_Bank,South_Brother,No_rats,4,n/a,CCA,10,0.1
2015,Great_Chagos_Bank,Eagle,Rats,1,Halimeda,Halimeda,9,0.09
2015,Great_Chagos_Bank,Eagle,Rats,2,Halimeda,Halimeda,12.67,0.1267
2015,Great_Chagos_Bank,Eagle,Rats,3,Halimeda,Halimeda,4,0.04
2015,Great_Chagos_Bank,Eagle,Rats,4,Halimeda,Halimeda,5.67,0.0567
2015,Peros_Banhos,Grande_Ile_Coquillage,No_rats,2,Halimeda,Halimeda,0.67,0.0067
2015,Peros_Banhos,Grande_Ile_Coquillage,No_rats,4,Halimeda,Halimeda,0.33,0.0033
2018,Peros_Banhos,Grande_Ile_Coquillage,No_rats,2,Halimeda,Halimeda,1.67,0.0167
2018,Peros_Banhos,Grande_Ile_Coquillage,No_rats,4,Halimeda,Halimeda,1.67,0.0167
2015,Peros_Banhos,Grande_Ile_Mapou,Rats,1,Halimeda,Halimeda,5.33,0.0533
2015,Peros_Banhos,Grande_Ile_Mapou,Rats,2,Halimeda,Halimeda,4.67,0.0467
2015,Peros_Banhos,Grande_Ile_Mapou,Rats,3,Halimeda,Halimeda,4.67,0.0467
2015,Peros_Banhos,Grande_Ile_Mapou,Rats,4,Halimeda,Halimeda,5,0.05
2018,Peros_Banhos,Grande_Ile_Mapou,Rats,1,Halimeda,Halimeda,1.67,0.0167
2018,Peros_Banhos,Grande_Ile_Mapou,Rats,2,Halimeda,Halimeda,3.33,0.0333
2018,Salomon,Ile_de_la_Passe,No_rats,4,Halimeda,Halimeda,5,0.05
2018,Salomon,Ile_Fouquet,Rats,3,Halimeda,Halimeda,1.67,0.0167
2015,Peros_Banhos,Ile_Longue,No_rats,1,Halimeda,Halimeda,2.33,0.0233
2015,Peros_Banhos,Ile_Longue,No_rats,2,Halimeda,Halimeda,3.33,0.0333
2015,Peros_Banhos,Ile_Longue,No_rats,3,Halimeda,Halimeda,4.67,0.0467
2015,Peros_Banhos,Ile_Longue,No_rats,4,Halimeda,Halimeda,5,0.05
2018,Peros_Banhos,Ile_Longue,No_rats,1,Halimeda,Halimeda,46.67,0.4667
2018,Peros_Banhos,Ile_Longue,No_rats,2,Halimeda,Halimeda,41.67,0.4167
2018,Peros_Banhos,Ile_Longue,No_rats,3,Halimeda,Halimeda,40,0.4
2018,Peros_Banhos,Ile_Longue,No_rats,4,Halimeda,Halimeda,46.67,0.4667
2015,Peros_Banhos,Ile_Poule,Rats,1,Halimeda,Halimeda,0.33,0.0033
2015,Peros_Banhos,Ile_Poule,Rats,2,Halimeda,Halimeda,0.33,0.0033
2015,Great_Chagos_Bank,Middle_Brother,No_rats,1,Halimeda,Halimeda,1.33,0.0133
2015,Great_Chagos_Bank,Middle_Brother,No_rats,2,Halimeda,Halimeda,15.33,0.1533
2015,Great_Chagos_Bank,Middle_Brother,No_rats,4,Halimeda,Halimeda,1,0.01
2018,Great_Chagos_Bank,Middle_Brother,No_rats,1,Halimeda,Halimeda,38.33,0.3833
2018,Great_Chagos_Bank,Middle_Brother,No_rats,2,Halimeda,Halimeda,33.33,0.3333
2018,Great_Chagos_Bank,Middle_Brother,No_rats,3,Halimeda,Halimeda,16.67,0.1667
2018,Great_Chagos_Bank,Middle_Brother,No_rats,4,Halimeda,Halimeda,23.33,0.2333
2018,Peros_Banhos,PB_Ile_Anglaise,Rats,2,Halimeda,Halimeda,1.67,0.0167
2018,Peros_Banhos,PB_Ile_Anglaise,Rats,3,Halimeda,Halimeda,1.67,0.0167
2015,Great_Chagos_Bank,South_Brother,No_rats,1,Halimeda,Halimeda,6.67,0.0667
2015,Great_Chagos_Bank,South_Brother,No_rats,2,Halimeda,Halimeda,0.33,0.0033
2015,Great_Chagos_Bank,South_Brother,No_rats,3,Halimeda,Halimeda,3,0.03
2015,Great_Chagos_Bank,South_Brother,No_rats,4,Halimeda,Halimeda,14.33,0.1433
2018,Great_Chagos_Bank,South_Brother,No_rats,1,Halimeda,Halimeda,36.67,0.3667
2018,Great_Chagos_Bank,South_Brother,No_rats,2,Halimeda,Halimeda,43.33,0.4333
2018,Great_Chagos_Bank,South_Brother,No_rats,3,Halimeda,Halimeda,28.33,0.2833
2018,Great_Chagos_Bank,South_Brother,No_rats,4,Halimeda,Halimeda,18.33,0.1833
2015,Great_Chagos_Bank,Eagle,Rats,1,Favites,Hard_Coral,0.33,0.0033
2015,Great_Chagos_Bank,Eagle,Rats,1,Favia,Hard_Coral,0.33,0.0033
2015,Great_Chagos_Bank,Eagle,Rats,1,Tubipora,Hard_Coral,0.67,0.0067
2015,Great_Chagos_Bank,Eagle,Rats,1,Heliopora,Hard_Coral,0.67,0.0067
2015,Great_Chagos_Bank,Eagle,Rats,1,Porites,Hard_Coral,1,0.01
2015,Great_Chagos_Bank,Eagle,Rats,1,Pocillopora,Hard_Coral,1,0.01
2015,Great_Chagos_Bank,Eagle,Rats,1,Stylophora,Hard_Coral,1.33,0.0133
2015,Great_Chagos_Bank,Eagle,Rats,1,Millepora,Hard_Coral,2,0.02
2015,Great_Chagos_Bank,Eagle,Rats,1,Acropora,Hard_Coral,5.33,0.0533
2015,Great_Chagos_Bank,Eagle,Rats,2,Montipora,Hard_Coral,0.33,0.0033
2015,Great_Chagos_Bank,Eagle,Rats,2,Tubipora,Hard_Coral,0.33,0.0033
2015,Great_Chagos_Bank,Eagle,Rats,2,Turbinaria,Hard_Coral,0.67,0.0067
2015,Great_Chagos_Bank,Eagle,Rats,2,Pocillopora,Hard_Coral,1.33,0.0133
2015,Great_Chagos_Bank,Eagle,Rats,2,Stylophora,Hard_Coral,1.67,0.0167
2015,Great_Chagos_Bank,Eagle,Rats,2,Acropora,Hard_Coral,2.33,0.0233
2015,Great_Chagos_Bank,Eagle,Rats,2,Millepora,Hard_Coral,2.67,0.0267
2015,Great_Chagos_Bank,Eagle,Rats,2,Heliopora,Hard_Coral,7,0.07
2015,Great_Chagos_Bank,Eagle,Rats,3,Favites,Hard_Coral,0.33,0.0033
2015,Great_Chagos_Bank,Eagle,Rats,3,Cyphastrea,Hard_Coral,0.33,0.0033
2015,Great_Chagos_Bank,Eagle,Rats,3,Tubipora,Hard_Coral,0.67,0.0067
2015,Great_Chagos_Bank,Eagle,Rats,3,Stylophora,Hard_Coral,1,0.01
2015,Great_Chagos_Bank,Eagle,Rats,3,Heliopora,Hard_Coral,1.67,0.0167
2015,Great_Chagos_Bank,Eagle,Rats,3,Turbinaria,Hard_Coral,2.67,0.0267
2015,Great_Chagos_Bank,Eagle,Rats,3,Pocillopora,Hard_Coral,3.33,0.0333
2015,Great_Chagos_Bank,Eagle,Rats,3,Acropora,Hard_Coral,6,0.06
2015,Great_Chagos_Bank,Eagle,Rats,3,Millepora,Hard_Coral,6,0.06
2015,Great_Chagos_Bank,Eagle,Rats,4,Tubipora,Hard_Coral,0.33,0.0033
2015,Great_Chagos_Bank,Eagle,Rats,4,Porites,Hard_Coral,0.67,0.0067
2015,Great_Chagos_Bank,Eagle,Rats,4,Stylophora,Hard_Coral,1,0.01
2015,Great_Chagos_Bank,Eagle,Rats,4,Heliopora,Hard_Coral,2,0.02
2015,Great_Chagos_Bank,Eagle,Rats,4,Turbinaria,Hard_Coral,2,0.02
2015,Great_Chagos_Bank,Eagle,Rats,4,Pocillopora,Hard_Coral,3,0.03
2015,Great_Chagos_Bank,Eagle,Rats,4,Millepora,Hard_Coral,4,0.04
2015,Great_Chagos_Bank,Eagle,Rats,4,Acropora,Hard_Coral,6,0.06
2015,Peros_Banhos,Grande_Ile_Coquillage,No_rats,1,Favia,Hard_Coral,0.17,0.0017
2015,Peros_Banhos,Grande_Ile_Coquillage,No_rats,1,Goniastrea,Hard_Coral,0.33,0.0033
2015,Peros_Banhos,Grande_Ile_Coquillage,No_rats,1,Millepora,Hard_Coral,0.33,0.0033
2015,Peros_Banhos,Grande_Ile_Coquillage,No_rats,1,Galaxea,Hard_Coral,0.67,0.0067
2015,Peros_Banhos,Grande_Ile_Coquillage,No_rats,1,Stylophora,Hard_Coral,3.67,0.0367
2015,Peros_Banhos,Grande_Ile_Coquillage,No_rats,1,Isopora,Hard_Coral,5.67,0.0567
2015,Peros_Banhos,Grande_Ile_Coquillage,No_rats,1,Acropora,Hard_Coral,8,0.08
2015,Peros_Banhos,Grande_Ile_Coquillage,No_rats,2,Hydnophora,Hard_Coral,0.33,0.0033
2015,Peros_Banhos,Grande_Ile_Coquillage,No_rats,2,Goniastrea,Hard_Coral,1,0.01
2015,Peros_Banhos,Grande_Ile_Coquillage,No_rats,2,Millepora,Hard_Coral,1,0.01
2015,Peros_Banhos,Grande_Ile_Coquillage,No_rats,2,Porites,Hard_Coral,1.33,0.0133
2015,Peros_Banhos,Grande_Ile_Coquillage,No_rats,2,Stylophora,Hard_Coral,1.67,0.0167
2015,Peros_Banhos,Grande_Ile_Coquillage,No_rats,2,Isopora,Hard_Coral,4.67,0.0467
2015,Peros_Banhos,Grande_Ile_Coquillage,No_rats,2,Acropora,Hard_Coral,14.33,0.1433
2015,Peros_Banhos,Grande_Ile_Coquillage,No_rats,3,Montipora,Hard_Coral,0.33,0.0033
2015,Peros_Banhos,Grande_Ile_Coquillage,No_rats,3,Tubipora,Hard_Coral,0.33,0.0033
2015,Peros_Banhos,Grande_Ile_Coquillage,No_rats,3,Pocillopora,Hard_Coral,0.33,0.0033
2015,Peros_Banhos,Grande_Ile_Coquillage,No_rats,3,Pavona,Hard_Coral,0.33,0.0033
2015,Peros_Banhos,Grande_Ile_Coquillage,No_rats,3,Millepora,Hard_Coral,0.33,0.0033
2015,Peros_Banhos,Grande_Ile_Coquillage,No_rats,3,Leptastrea,Hard_Coral,0.33,0.0033
2015,Peros_Banhos,Grande_Ile_Coquillage,No_rats,3,Platygyra,Hard_Coral,0.67,0.0067
2015,Peros_Banhos,Grande_Ile_Coquillage,No_rats,3,Stylophora,Hard_Coral,3,0.03
2015,Peros_Banhos,Grande_Ile_Coquillage,No_rats,3,Isopora,Hard_Coral,3,0.03
2015,Peros_Banhos,Grande_Ile_Coquillage,No_rats,3,Acropora,Hard_Coral,9.67,0.0967
2015,Peros_Banhos,Grande_Ile_Coquillage,No_rats,4,Montipora,Hard_Coral,0.33,0.0033
2015,Peros_Banhos,Grande_Ile_Coquillage,No_rats,4,Goniastrea,Hard_Coral,0.33,0.0033
2015,Peros_Banhos,Grande_Ile_Coquillage,No_rats,4,Millepora,Hard_Coral,0.33,0.0033
2015,Peros_Banhos,Grande_Ile_Coquillage,No_rats,4,Platygyra,Hard_Coral,0.33,0.0033
2015,Peros_Banhos,Grande_Ile_Coquillage,No_rats,4,Acropora,Hard_Coral,1.33,0.0133
2015,Peros_Banhos,Grande_Ile_Coquillage,No_rats,4,Stylophora,Hard_Coral,2.67,0.0267
2015,Peros_Banhos,Grande_Ile_Coquillage,No_rats,4,Isopora,Hard_Coral,23.33,0.2333
2018,Peros_Banhos,Grande_Ile_Coquillage,No_rats,1,Porites,Hard_Coral,1.67,0.0167
2018,Peros_Banhos,Grande_Ile_Coquillage,No_rats,2,Platygyra,Hard_Coral,5,0.05
2018,Peros_Banhos,Grande_Ile_Coquillage,No_rats,3,Acropora,Hard_Coral,1.67,0.0167
2015,Peros_Banhos,Grande_Ile_Mapou,Rats,1,Montipora,Hard_Coral,0.33,0.0033
2015,Peros_Banhos,Grande_Ile_Mapou,Rats,1,Pocillopora,Hard_Coral,0.33,0.0033
2015,Peros_Banhos,Grande_Ile_Mapou,Rats,1,Porites,Hard_Coral,1,0.01
2015,Peros_Banhos,Grande_Ile_Mapou,Rats,1,Acropora,Hard_Coral,9,0.09
2015,Peros_Banhos,Grande_Ile_Mapou,Rats,1,Stylophora,Hard_Coral,11,0.11
2015,Peros_Banhos,Grande_Ile_Mapou,Rats,2,Montipora,Hard_Coral,0.33,0.0033
2015,Peros_Banhos,Grande_Ile_Mapou,Rats,2,Leptastrea,Hard_Coral,0.33,0.0033
2015,Peros_Banhos,Grande_Ile_Mapou,Rats,2,Goniopora,Hard_Coral,0.33,0.0033
2015,Peros_Banhos,Grande_Ile_Mapou,Rats,2,Porites,Hard_Coral,4,0.04
2015,Peros_Banhos,Grande_Ile_Mapou,Rats,2,Acropora,Hard_Coral,5.67,0.0567
2015,Peros_Banhos,Grande_Ile_Mapou,Rats,2,Stylophora,Hard_Coral,14.67,0.1467
2015,Peros_Banhos,Grande_Ile_Mapou,Rats,3,Porites,Hard_Coral,0.33,0.0033
2015,Peros_Banhos,Grande_Ile_Mapou,Rats,3,Tubipora,Hard_Coral,0.33,0.0033
2015,Peros_Banhos,Grande_Ile_Mapou,Rats,3,Leptoria,Hard_Coral,1,0.01
2015,Peros_Banhos,Grande_Ile_Mapou,Rats,3,Stylophora,Hard_Coral,6.67,0.0667
2015,Peros_Banhos,Grande_Ile_Mapou,Rats,3,Acropora,Hard_Coral,12.33,0.1233
2015,Peros_Banhos,Grande_Ile_Mapou,Rats,4,Tubipora,Hard_Coral,0.33,0.0033
2015,Peros_Banhos,Grande_Ile_Mapou,Rats,4,Pocillopora,Hard_Coral,0.33,0.0033
2015,Peros_Banhos,Grande_Ile_Mapou,Rats,4,Favites,Hard_Coral,0.33,0.0033
2015,Peros_Banhos,Grande_Ile_Mapou,Rats,4,Heliopora,Hard_Coral,0.33,0.0033
2015,Peros_Banhos,Grande_Ile_Mapou,Rats,4,Goniopora,Hard_Coral,0.33,0.0033
2015,Peros_Banhos,Grande_Ile_Mapou,Rats,4,Montipora,Hard_Coral,1,0.01
2015,Peros_Banhos,Grande_Ile_Mapou,Rats,4,Cyphastrea,Hard_Coral,1,0.01
2015,Peros_Banhos,Grande_Ile_Mapou,Rats,4,Platygyra,Hard_Coral,2,0.02
2015,Peros_Banhos,Grande_Ile_Mapou,Rats,4,Porites,Hard_Coral,5,0.05
2015,Peros_Banhos,Grande_Ile_Mapou,Rats,4,Stylophora,Hard_Coral,5.33,0.0533
2015,Peros_Banhos,Grande_Ile_Mapou,Rats,4,Acropora,Hard_Coral,8.67,0.0867
2018,Peros_Banhos,Grande_Ile_Mapou,Rats,1,Acropora,Hard_Coral,1.67,0.0167
2018,Peros_Banhos,Grande_Ile_Mapou,Rats,1,Porites,Hard_Coral,3.33,0.0333
2018,Peros_Banhos,Grande_Ile_Mapou,Rats,2,Acropora,Hard_Coral,1.67,0.0167
2018,Peros_Banhos,Grande_Ile_Mapou,Rats,2,Porites,Hard_Coral,10,0.1
2018,Peros_Banhos,Grande_Ile_Mapou,Rats,3,Porites,Hard_Coral,1.67,0.0167
2018,Peros_Banhos,Grande_Ile_Mapou,Rats,3,Platygyra,Hard_Coral,1.67,0.0167
2015,Salomon,Ile_de_la_Passe,No_rats,1,Isopora,Hard_Coral,3,0.03
2015,Salomon,Ile_de_la_Passe,No_rats,1,Acropora,Hard_Coral,68.67,0.6867
2015,Salomon,Ile_de_la_Passe,No_rats,2,Stylophora,Hard_Coral,0.33,0.0033
2015,Salomon,Ile_de_la_Passe,No_rats,2,Isopora,Hard_Coral,2,0.02
2015,Salomon,Ile_de_la_Passe,No_rats,2,Acropora,Hard_Coral,63.33,0.6333
2015,Salomon,Ile_de_la_Passe,No_rats,3,Galaxea,Hard_Coral,0.33,0.0033
2015,Salomon,Ile_de_la_Passe,No_rats,3,Goniastrea,Hard_Coral,0.33,0.0033
2015,Salomon,Ile_de_la_Passe,No_rats,3,Stylophora,Hard_Coral,0.67,0.0067
2015,Salomon,Ile_de_la_Passe,No_rats,3,Heliopora,Hard_Coral,0.67,0.0067
2015,Salomon,Ile_de_la_Passe,No_rats,3,Porites,Hard_Coral,1,0.01
2015,Salomon,Ile_de_la_Passe,No_rats,3,Isopora,Hard_Coral,3.67,0.0367
2015,Salomon,Ile_de_la_Passe,No_rats,3,Acropora,Hard_Coral,27,0.27
2015,Salomon,Ile_de_la_Passe,No_rats,4,Stylophora,Hard_Coral,0.33,0.0033
2015,Salomon,Ile_de_la_Passe,No_rats,4,Heliopora,Hard_Coral,0.67,0.0067
2015,Salomon,Ile_de_la_Passe,No_rats,4,Goniopora,Hard_Coral,1,0.01
2015,Salomon,Ile_de_la_Passe,No_rats,4,Isopora,Hard_Coral,1.33,0.0133
2015,Salomon,Ile_de_la_Passe,No_rats,4,Porites,Hard_Coral,10.33,0.1033
2015,Salomon,Ile_de_la_Passe,No_rats,4,Acropora,Hard_Coral,15,0.15
2018,Salomon,Ile_de_la_Passe,No_rats,1,Montastrea,Hard_Coral,3.39,0.0339
2018,Salomon,Ile_de_la_Passe,No_rats,1,Isopora,Hard_Coral,6.78,0.0678
2018,Salomon,Ile_de_la_Passe,No_rats,1,Porites,Hard_Coral,6.78,0.0678
2018,Salomon,Ile_de_la_Passe,No_rats,1,Acropora,Hard_Coral,25.42,0.2542
2018,Salomon,Ile_de_la_Passe,No_rats,2,Favia,Hard_Coral,1.69,0.0169
2018,Salomon,Ile_de_la_Passe,No_rats,2,Favites,Hard_Coral,1.69,0.0169
2018,Salomon,Ile_de_la_Passe,No_rats,2,Echinopora,Hard_Coral,1.69,0.0169
2018,Salomon,Ile_de_la_Passe,No_rats,2,Montastrea,Hard_Coral,5.08,0.0508
2018,Salomon,Ile_de_la_Passe,No_rats,2,Porites,Hard_Coral,6.78,0.0678
2018,Salomon,Ile_de_la_Passe,No_rats,2,Acropora,Hard_Coral,28.81,0.2881
2018,Salomon,Ile_de_la_Passe,No_rats,3,Favia,Hard_Coral,1.79,0.0179
2018,Salomon,Ile_de_la_Passe,No_rats,3,Isopora,Hard_Coral,1.79,0.0179
2018,Salomon,Ile_de_la_Passe,No_rats,3,Goniopora,Hard_Coral,1.79,0.0179
2018,Salomon,Ile_de_la_Passe,No_rats,3,Echinopora,Hard_Coral,3.57,0.0357
2018,Salomon,Ile_de_la_Passe,No_rats,3,Porites,Hard_Coral,8.93,0.0893
2018,Salomon,Ile_de_la_Passe,No_rats,3,Acropora,Hard_Coral,42.86,0.4286
2018,Salomon,Ile_de_la_Passe,No_rats,4,Echinopora,Hard_Coral,1.67,0.0167
2018,Salomon,Ile_de_la_Passe,No_rats,4,Isopora,Hard_Coral,8.33,0.0833
2018,Salomon,Ile_de_la_Passe,No_rats,4,Montastrea,Hard_Coral,13.33,0.1333
2018,Salomon,Ile_de_la_Passe,No_rats,4,Porites,Hard_Coral,25,0.25
2018,Salomon,Ile_de_la_Passe,No_rats,4,Acropora,Hard_Coral,26.67,0.2667
2015,Salomon,Ile_Fouquet,Rats,1,Seriatopora,Hard_Coral,0.33,0.0033
2015,Salomon,Ile_Fouquet,Rats,1,Favites,Hard_Coral,0.67,0.0067
2015,Salomon,Ile_Fouquet,Rats,1,Favia,Hard_Coral,0.67,0.0067
2015,Salomon,Ile_Fouquet,Rats,1,Leptoria,Hard_Coral,0.67,0.0067
2015,Salomon,Ile_Fouquet,Rats,1,Galaxea,Hard_Coral,1,0.01
2015,Salomon,Ile_Fouquet,Rats,1,Montastrea,Hard_Coral,1,0.01
2015,Salomon,Ile_Fouquet,Rats,1,Isopora,Hard_Coral,1.33,0.0133
2015,Salomon,Ile_Fouquet,Rats,1,Platygyra,Hard_Coral,1.33,0.0133
2015,Salomon,Ile_Fouquet,Rats,1,Pavona,Hard_Coral,1.67,0.0167
2015,Salomon,Ile_Fouquet,Rats,1,Lobophyllia,Hard_Coral,3.33,0.0333
2015,Salomon,Ile_Fouquet,Rats,1,Porites,Hard_Coral,8.33,0.0833
2015,Salomon,Ile_Fouquet,Rats,1,Acropora,Hard_Coral,30,0.3
2015,Salomon,Ile_Fouquet,Rats,2,Stylophora,Hard_Coral,0.33,0.0033
2015,Salomon,Ile_Fouquet,Rats,2,Fungia,Hard_Coral,0.33,0.0033
2015,Salomon,Ile_Fouquet,Rats,2,Galaxea,Hard_Coral,0.67,0.0067
2015,Salomon,Ile_Fouquet,Rats,2,Pavona,Hard_Coral,0.67,0.0067
2015,Salomon,Ile_Fouquet,Rats,2,Porites,Hard_Coral,2,0.02
2015,Salomon,Ile_Fouquet,Rats,2,Favia,Hard_Coral,2,0.02
2015,Salomon,Ile_Fouquet,Rats,2,Lobophyllia,Hard_Coral,2,0.02
2015,Salomon,Ile_Fouquet,Rats,2,Echinopora,Hard_Coral,4.67,0.0467
2015,Salomon,Ile_Fouquet,Rats,2,Isopora,Hard_Coral,7.67,0.0767
2015,Salomon,Ile_Fouquet,Rats,2,Acropora,Hard_Coral,33,0.33
2015,Salomon,Ile_Fouquet,Rats,3,Pocillopora,Hard_Coral,0.33,0.0033
2015,Salomon,Ile_Fouquet,Rats,3,Stylophora,Hard_Coral,0.67,0.0067
2015,Salomon,Ile_Fouquet,Rats,3,Favites,Hard_Coral,1,0.01
2015,Salomon,Ile_Fouquet,Rats,3,Pavona,Hard_Coral,1.33,0.0133
2015,Salomon,Ile_Fouquet,Rats,3,Echinopora,Hard_Coral,1.67,0.0167
2015,Salomon,Ile_Fouquet,Rats,3,Lobophyllia,Hard_Coral,2,0.02
2015,Salomon,Ile_Fouquet,Rats,3,Porites,Hard_Coral,3,0.03
2015,Salomon,Ile_Fouquet,Rats,3,Favia,Hard_Coral,3.33,0.0333
2015,Salomon,Ile_Fouquet,Rats,3,Isopora,Hard_Coral,10.33,0.1033
2015,Salomon,Ile_Fouquet,Rats,3,Acropora,Hard_Coral,17.33,0.1733
2015,Salomon,Ile_Fouquet,Rats,4,Platygyra,Hard_Coral,0.33,0.0033
2015,Salomon,Ile_Fouquet,Rats,4,Lobophyllia,Hard_Coral,0.33,0.0033
2015,Salomon,Ile_Fouquet,Rats,4,Seriatopora,Hard_Coral,0.33,0.0033
2015,Salomon,Ile_Fouquet,Rats,4,Favia,Hard_Coral,0.67,0.0067
2015,Salomon,Ile_Fouquet,Rats,4,Montastrea,Hard_Coral,1,0.01
2015,Salomon,Ile_Fouquet,Rats,4,Porites,Hard_Coral,1.33,0.0133
2015,Salomon,Ile_Fouquet,Rats,4,Stylophora,Hard_Coral,1.33,0.0133
2015,Salomon,Ile_Fouquet,Rats,4,Echinopora,Hard_Coral,1.33,0.0133
2015,Salomon,Ile_Fouquet,Rats,4,Isopora,Hard_Coral,14,0.14
2015,Salomon,Ile_Fouquet,Rats,4,Acropora,Hard_Coral,29.33,0.2933
2018,Salomon,Ile_Fouquet,Rats,1,Favites,Hard_Coral,1.67,0.0167
2018,Salomon,Ile_Fouquet,Rats,1,Leptoseris,Hard_Coral,1.67,0.0167
2018,Salomon,Ile_Fouquet,Rats,1,Favia,Hard_Coral,5,0.05
2018,Salomon,Ile_Fouquet,Rats,1,Montastrea,Hard_Coral,5,0.05
2018,Salomon,Ile_Fouquet,Rats,1,Lobophyllia,Hard_Coral,5,0.05
2018,Salomon,Ile_Fouquet,Rats,1,Porites,Hard_Coral,5,0.05
2018,Salomon,Ile_Fouquet,Rats,1,Acropora,Hard_Coral,18.33,0.1833
2018,Salomon,Ile_Fouquet,Rats,2,Galaxea,Hard_Coral,1.67,0.0167
2018,Salomon,Ile_Fouquet,Rats,2,Favia,Hard_Coral,5,0.05
2018,Salomon,Ile_Fouquet,Rats,2,Porites,Hard_Coral,11.67,0.1167
2018,Salomon,Ile_Fouquet,Rats,2,Acropora,Hard_Coral,15,0.15
2018,Salomon,Ile_Fouquet,Rats,3,Favia,Hard_Coral,1.67,0.0167
2018,Salomon,Ile_Fouquet,Rats,3,Echinopora,Hard_Coral,1.67,0.0167
2018,Salomon,Ile_Fouquet,Rats,3,Galaxea,Hard_Coral,3.33,0.0333
2018,Salomon,Ile_Fouquet,Rats,3,Acropora,Hard_Coral,10,0.1
2018,Salomon,Ile_Fouquet,Rats,3,Porites,Hard_Coral,11.67,0.1167
2018,Salomon,Ile_Fouquet,Rats,4,Acropora,Hard_Coral,1.69,0.0169
2018,Salomon,Ile_Fouquet,Rats,4,Galaxea,Hard_Coral,1.69,0.0169
2018,Salomon,Ile_Fouquet,Rats,4,Cyphastrea,Hard_Coral,8.47,0.0847
2015,Peros_Banhos,Ile_Longue,No_rats,1,Favites,Hard_Coral,0.33,0.0033
2015,Peros_Banhos,Ile_Longue,No_rats,1,Pocillopora,Hard_Coral,1.33,0.0133
2015,Peros_Banhos,Ile_Longue,No_rats,1,Stylophora,Hard_Coral,5,0.05
2015,Peros_Banhos,Ile_Longue,No_rats,1,Isopora,Hard_Coral,5.33,0.0533
2015,Peros_Banhos,Ile_Longue,No_rats,1,Acropora,Hard_Coral,10,0.1
2015,Peros_Banhos,Ile_Longue,No_rats,2,Montipora,Hard_Coral,0.33,0.0033
2015,Peros_Banhos,Ile_Longue,No_rats,2,Pocillopora,Hard_Coral,0.67,0.0067
2015,Peros_Banhos,Ile_Longue,No_rats,2,Porites,Hard_Coral,1,0.01
2015,Peros_Banhos,Ile_Longue,No_rats,2,Tubipora,Hard_Coral,1,0.01
2015,Peros_Banhos,Ile_Longue,No_rats,2,Millepora,Hard_Coral,1.33,0.0133
2015,Peros_Banhos,Ile_Longue,No_rats,2,Stylophora,Hard_Coral,2,0.02
2015,Peros_Banhos,Ile_Longue,No_rats,2,Isopora,Hard_Coral,3.67,0.0367
2015,Peros_Banhos,Ile_Longue,No_rats,2,Acropora,Hard_Coral,14.33,0.1433
2015,Peros_Banhos,Ile_Longue,No_rats,3,Pavona,Hard_Coral,0.33,0.0033
2015,Peros_Banhos,Ile_Longue,No_rats,3,Tubipora,Hard_Coral,0.67,0.0067
2015,Peros_Banhos,Ile_Longue,No_rats,3,Millepora,Hard_Coral,0.67,0.0067
2015,Peros_Banhos,Ile_Longue,No_rats,3,Pocillopora,Hard_Coral,1.67,0.0167
2015,Peros_Banhos,Ile_Longue,No_rats,3,Isopora,Hard_Coral,3,0.03
2015,Peros_Banhos,Ile_Longue,No_rats,3,Stylophora,Hard_Coral,7,0.07
2015,Peros_Banhos,Ile_Longue,No_rats,3,Acropora,Hard_Coral,16,0.16
2015,Peros_Banhos,Ile_Longue,No_rats,4,Pocillopora,Hard_Coral,0.33,0.0033
2015,Peros_Banhos,Ile_Longue,No_rats,4,Favites,Hard_Coral,0.33,0.0033
2015,Peros_Banhos,Ile_Longue,No_rats,4,Favia,Hard_Coral,0.33,0.0033
2015,Peros_Banhos,Ile_Longue,No_rats,4,Platygyra,Hard_Coral,0.67,0.0067
2015,Peros_Banhos,Ile_Longue,No_rats,4,Stylophora,Hard_Coral,4,0.04
2015,Peros_Banhos,Ile_Longue,No_rats,4,Isopora,Hard_Coral,14,0.14
2015,Peros_Banhos,Ile_Longue,No_rats,4,Acropora,Hard_Coral,18.67,0.1867
2018,Peros_Banhos,Ile_Longue,No_rats,4,Porites,Hard_Coral,1.67,0.0167
2018,Peros_Banhos,Ile_Longue,No_rats,4,Heliopora,Hard_Coral,1.67,0.0167
2015,Peros_Banhos,Ile_Poule,Rats,1,Porites,Hard_Coral,0.67,0.0067
2015,Peros_Banhos,Ile_Poule,Rats,1,Pavona,Hard_Coral,0.67,0.0067
2015,Peros_Banhos,Ile_Poule,Rats,1,Stylophora,Hard_Coral,1.33,0.0133
2015,Peros_Banhos,Ile_Poule,Rats,1,Isopora,Hard_Coral,1.33,0.0133
2015,Peros_Banhos,Ile_Poule,Rats,1,Montipora,Hard_Coral,2,0.02
2015,Peros_Banhos,Ile_Poule,Rats,1,Acropora,Hard_Coral,18.33,0.1833
2015,Peros_Banhos,Ile_Poule,Rats,2,Favia,Hard_Coral,0.33,0.0033
2015,Peros_Banhos,Ile_Poule,Rats,2,Fungia,Hard_Coral,0.67,0.0067
2015,Peros_Banhos,Ile_Poule,Rats,2,Millepora,Hard_Coral,1,0.01
2015,Peros_Banhos,Ile_Poule,Rats,2,Stylophora,Hard_Coral,2,0.02
2015,Peros_Banhos,Ile_Poule,Rats,2,Porites,Hard_Coral,2.33,0.0233
2015,Peros_Banhos,Ile_Poule,Rats,2,Isopora,Hard_Coral,5.33,0.0533
2015,Peros_Banhos,Ile_Poule,Rats,2,Acropora,Hard_Coral,21,0.21
2015,Peros_Banhos,Ile_Poule,Rats,3,Favites,Hard_Coral,0.33,0.0033
2015,Peros_Banhos,Ile_Poule,Rats,3,Leptastrea,Hard_Coral,0.33,0.0033
2015,Peros_Banhos,Ile_Poule,Rats,3,Leptoria,Hard_Coral,0.67,0.0067
2015,Peros_Banhos,Ile_Poule,Rats,3,Isopora,Hard_Coral,1,0.01
2015,Peros_Banhos,Ile_Poule,Rats,3,Porites,Hard_Coral,1.33,0.0133
2015,Peros_Banhos,Ile_Poule,Rats,3,Stylophora,Hard_Coral,2.33,0.0233
2015,Peros_Banhos,Ile_Poule,Rats,3,Montipora,Hard_Coral,3.67,0.0367
2015,Peros_Banhos,Ile_Poule,Rats,3,Acropora,Hard_Coral,4,0.04
2015,Peros_Banhos,Ile_Poule,Rats,4,Fungia,Hard_Coral,0.33,0.0033
2015,Peros_Banhos,Ile_Poule,Rats,4,Cyphastrea,Hard_Coral,0.33,0.0033
2015,Peros_Banhos,Ile_Poule,Rats,4,Leptoria,Hard_Coral,0.33,0.0033
2015,Peros_Banhos,Ile_Poule,Rats,4,Porites,Hard_Coral,0.67,0.0067
2015,Peros_Banhos,Ile_Poule,Rats,4,Echinopora,Hard_Coral,1,0.01
2015,Peros_Banhos,Ile_Poule,Rats,4,Isopora,Hard_Coral,2.33,0.0233
2015,Peros_Banhos,Ile_Poule,Rats,4,Montipora,Hard_Coral,3,0.03
2015,Peros_Banhos,Ile_Poule,Rats,4,Stylophora,Hard_Coral,4,0.04
2015,Peros_Banhos,Ile_Poule,Rats,4,Acropora,Hard_Coral,15.67,0.1567
2018,Peros_Banhos,Ile_Poule,Rats,1,Goniastrea,Hard_Coral,1.67,0.0167
2018,Peros_Banhos,Ile_Poule,Rats,1,Porites,Hard_Coral,1.67,0.0167
2018,Peros_Banhos,Ile_Poule,Rats,1,Platygyra,Hard_Coral,1.67,0.0167
2018,Peros_Banhos,Ile_Poule,Rats,1,Stylophora,Hard_Coral,3.33,0.0333
2018,Peros_Banhos,Ile_Poule,Rats,2,Stylophora,Hard_Coral,1.67,0.0167
2018,Peros_Banhos,Ile_Poule,Rats,2,Platygyra,Hard_Coral,1.67,0.0167
2018,Peros_Banhos,Ile_Poule,Rats,2,Porites,Hard_Coral,5,0.05
2018,Peros_Banhos,Ile_Poule,Rats,3,Porites,Hard_Coral,1.67,0.0167
2018,Peros_Banhos,Ile_Poule,Rats,3,Stylophora,Hard_Coral,10,0.1
2018,Peros_Banhos,Ile_Poule,Rats,4,Porites,Hard_Coral,1.67,0.0167
2018,Peros_Banhos,Ile_Poule,Rats,4,Stylophora,Hard_Coral,8.33,0.0833
2015,Great_Chagos_Bank,Middle_Brother,No_rats,1,Acropora,Hard_Coral,0.33,0.0033
2015,Great_Chagos_Bank,Middle_Brother,No_rats,1,Platygyra,Hard_Coral,0.33,0.0033
2015,Great_Chagos_Bank,Middle_Brother,No_rats,1,Acanthastrea,Hard_Coral,0.33,0.0033
2015,Great_Chagos_Bank,Middle_Brother,No_rats,1,Favia,Hard_Coral,0.67,0.0067
2015,Great_Chagos_Bank,Middle_Brother,No_rats,1,Pavona,Hard_Coral,0.67,0.0067
2015,Great_Chagos_Bank,Middle_Brother,No_rats,1,Stylophora,Hard_Coral,4,0.04
2015,Great_Chagos_Bank,Middle_Brother,No_rats,2,Montipora,Hard_Coral,0.67,0.0067
2015,Great_Chagos_Bank,Middle_Brother,No_rats,2,Favites,Hard_Coral,0.67,0.0067
2015,Great_Chagos_Bank,Middle_Brother,No_rats,2,Stylophora,Hard_Coral,1.33,0.0133
2015,Great_Chagos_Bank,Middle_Brother,No_rats,2,Heliopora,Hard_Coral,37.67,0.3767
2015,Great_Chagos_Bank,Middle_Brother,No_rats,3,Pocillopora,Hard_Coral,0.33,0.0033
2015,Great_Chagos_Bank,Middle_Brother,No_rats,3,Acropora,Hard_Coral,0.67,0.0067
2015,Great_Chagos_Bank,Middle_Brother,No_rats,3,Porites,Hard_Coral,0.67,0.0067
2015,Great_Chagos_Bank,Middle_Brother,No_rats,3,Millepora,Hard_Coral,1.33,0.0133
2015,Great_Chagos_Bank,Middle_Brother,No_rats,3,Stylophora,Hard_Coral,2.67,0.0267
2015,Great_Chagos_Bank,Middle_Brother,No_rats,3,Heliopora,Hard_Coral,18,0.18
2015,Great_Chagos_Bank,Middle_Brother,No_rats,4,Acropora,Hard_Coral,0.33,0.0033
2015,Great_Chagos_Bank,Middle_Brother,No_rats,4,Stylophora,Hard_Coral,0.33,0.0033
2015,Great_Chagos_Bank,Middle_Brother,No_rats,4,Pocillopora,Hard_Coral,0.33,0.0033
2015,Great_Chagos_Bank,Middle_Brother,No_rats,4,Heliopora,Hard_Coral,31,0.31
2018,Great_Chagos_Bank,Middle_Brother,No_rats,1,Heliopora,Hard_Coral,20,0.2
2018,Great_Chagos_Bank,Middle_Brother,No_rats,2,Heliopora,Hard_Coral,8.33,0.0833
2018,Great_Chagos_Bank,Middle_Brother,No_rats,3,Acropora,Hard_Coral,1.67,0.0167
2018,Great_Chagos_Bank,Middle_Brother,No_rats,4,Porites,Hard_Coral,3.33,0.0333
2018,Great_Chagos_Bank,Middle_Brother,No_rats,4,Heliopora,Hard_Coral,8.33,0.0833
2015,Great_Chagos_Bank,Nelson_Island,No_rats,1,Favia,Hard_Coral,0.33,0.0033
2015,Great_Chagos_Bank,Nelson_Island,No_rats,1,Montipora,Hard_Coral,0.67,0.0067
2015,Great_Chagos_Bank,Nelson_Island,No_rats,1,Favites,Hard_Coral,0.67,0.0067
2015,Great_Chagos_Bank,Nelson_Island,No_rats,1,Turbinaria,Hard_Coral,1,0.01
2015,Great_Chagos_Bank,Nelson_Island,No_rats,1,Heliopora,Hard_Coral,2,0.02
2015,Great_Chagos_Bank,Nelson_Island,No_rats,1,Porites,Hard_Coral,2.33,0.0233
2015,Great_Chagos_Bank,Nelson_Island,No_rats,1,Acropora,Hard_Coral,2.67,0.0267
2015,Great_Chagos_Bank,Nelson_Island,No_rats,1,Pocillopora,Hard_Coral,3,0.03
2015,Great_Chagos_Bank,Nelson_Island,No_rats,2,Platygyra,Hard_Coral,0.33,0.0033
2015,Great_Chagos_Bank,Nelson_Island,No_rats,2,Turbinaria,Hard_Coral,0.33,0.0033
2015,Great_Chagos_Bank,Nelson_Island,No_rats,2,Acropora,Hard_Coral,1,0.01
2015,Great_Chagos_Bank,Nelson_Island,No_rats,2,Montipora,Hard_Coral,3.67,0.0367
2015,Great_Chagos_Bank,Nelson_Island,No_rats,2,Porites,Hard_Coral,9.67,0.0967
2015,Great_Chagos_Bank,Nelson_Island,No_rats,2,Pocillopora,Hard_Coral,12.33,0.1233
2015,Great_Chagos_Bank,Nelson_Island,No_rats,3,Heliopora,Hard_Coral,0.33,0.0033
2015,Great_Chagos_Bank,Nelson_Island,No_rats,3,Favites,Hard_Coral,0.67,0.0067
2015,Great_Chagos_Bank,Nelson_Island,No_rats,3,Pocillopora,Hard_Coral,2.33,0.0233
2015,Great_Chagos_Bank,Nelson_Island,No_rats,3,Acropora,Hard_Coral,2.67,0.0267
2015,Great_Chagos_Bank,Nelson_Island,No_rats,3,Montipora,Hard_Coral,3,0.03
2015,Great_Chagos_Bank,Nelson_Island,No_rats,3,Turbinaria,Hard_Coral,3,0.03
2015,Great_Chagos_Bank,Nelson_Island,No_rats,3,Porites,Hard_Coral,4.33,0.0433
2015,Great_Chagos_Bank,Nelson_Island,No_rats,4,Stylophora,Hard_Coral,0.67,0.0067
2015,Great_Chagos_Bank,Nelson_Island,No_rats,4,Montipora,Hard_Coral,1,0.01
2015,Great_Chagos_Bank,Nelson_Island,No_rats,4,Favites,Hard_Coral,1,0.01
2015,Great_Chagos_Bank,Nelson_Island,No_rats,4,Pocillopora,Hard_Coral,1.33,0.0133
2015,Great_Chagos_Bank,Nelson_Island,No_rats,4,Turbinaria,Hard_Coral,1.67,0.0167
2015,Great_Chagos_Bank,Nelson_Island,No_rats,4,Porites,Hard_Coral,6.33,0.0633
2015,Peros_Banhos,PB_Ile_Anglaise,Rats,1,Galaxea,Hard_Coral,0.33,0.0033
2015,Peros_Banhos,PB_Ile_Anglaise,Rats,1,Montipora,Hard_Coral,0.33,0.0033
2015,Peros_Banhos,PB_Ile_Anglaise,Rats,1,Tubipora,Hard_Coral,0.33,0.0033
2015,Peros_Banhos,PB_Ile_Anglaise,Rats,1,Porites,Hard_Coral,2,0.02
2015,Peros_Banhos,PB_Ile_Anglaise,Rats,1,Stylophora,Hard_Coral,2,0.02
2015,Peros_Banhos,PB_Ile_Anglaise,Rats,1,Acropora,Hard_Coral,10.67,0.1067
2015,Peros_Banhos,PB_Ile_Anglaise,Rats,2,Favites,Hard_Coral,0.33,0.0033
2015,Peros_Banhos,PB_Ile_Anglaise,Rats,2,Pocillopora,Hard_Coral,0.5,0.005
2015,Peros_Banhos,PB_Ile_Anglaise,Rats,2,Porites,Hard_Coral,0.67,0.0067
2015,Peros_Banhos,PB_Ile_Anglaise,Rats,2,Acropora,Hard_Coral,4.33,0.0433
2015,Peros_Banhos,PB_Ile_Anglaise,Rats,2,Stylophora,Hard_Coral,5,0.05
2015,Peros_Banhos,PB_Ile_Anglaise,Rats,3,Goniastrea,Hard_Coral,0.33,0.0033
2015,Peros_Banhos,PB_Ile_Anglaise,Rats,3,Pocillopora,Hard_Coral,0.5,0.005
2015,Peros_Banhos,PB_Ile_Anglaise,Rats,3,Stylophora,Hard_Coral,5,0.05
2015,Peros_Banhos,PB_Ile_Anglaise,Rats,3,Acropora,Hard_Coral,6.67,0.0667
2015,Peros_Banhos,PB_Ile_Anglaise,Rats,4,Galaxea,Hard_Coral,0.17,0.0017
2015,Peros_Banhos,PB_Ile_Anglaise,Rats,4,Stylophora,Hard_Coral,3,0.03
2015,Peros_Banhos,PB_Ile_Anglaise,Rats,4,Acropora,Hard_Coral,16.33,0.1633
2018,Peros_Banhos,PB_Ile_Anglaise,Rats,1,Acropora,Hard_Coral,3.33,0.0333
2018,Peros_Banhos,PB_Ile_Anglaise,Rats,1,Stylophora,Hard_Coral,10,0.1
2018,Peros_Banhos,PB_Ile_Anglaise,Rats,2,Acropora,Hard_Coral,6.67,0.0667
2018,Peros_Banhos,PB_Ile_Anglaise,Rats,2,Stylophora,Hard_Coral,11.67,0.1167
2018,Peros_Banhos,PB_Ile_Anglaise,Rats,3,Acropora,Hard_Coral,1.67,0.0167
2018,Peros_Banhos,PB_Ile_Anglaise,Rats,3,Favia,Hard_Coral,1.67,0.0167
2018,Peros_Banhos,PB_Ile_Anglaise,Rats,3,Porites,Hard_Coral,1.67,0.0167
2018,Peros_Banhos,PB_Ile_Anglaise,Rats,3,Stylophora,Hard_Coral,11.67,0.1167
2018,Peros_Banhos,PB_Ile_Anglaise,Rats,4,Goniastrea,Hard_Coral,1.67,0.0167
2018,Peros_Banhos,PB_Ile_Anglaise,Rats,4,Cyphastrea,Hard_Coral,1.67,0.0167
2018,Peros_Banhos,PB_Ile_Anglaise,Rats,4,Stylophora,Hard_Coral,3.33,0.0333
2015,Salomon,Sal_Ile_Anglaise,Rats,1,Stylophora,Hard_Coral,0.33,0.0033
2015,Salomon,Sal_Ile_Anglaise,Rats,1,Montipora,Hard_Coral,0.33,0.0033
2015,Salomon,Sal_Ile_Anglaise,Rats,1,Favites,Hard_Coral,0.33,0.0033
2015,Salomon,Sal_Ile_Anglaise,Rats,1,Fungia,Hard_Coral,0.33,0.0033
2015,Salomon,Sal_Ile_Anglaise,Rats,1,Echinopora,Hard_Coral,0.33,0.0033
2015,Salomon,Sal_Ile_Anglaise,Rats,1,Lobophyllia,Hard_Coral,1,0.01
2015,Salomon,Sal_Ile_Anglaise,Rats,1,Goniastrea,Hard_Coral,1.33,0.0133
2015,Salomon,Sal_Ile_Anglaise,Rats,1,Pavona,Hard_Coral,1.67,0.0167
2015,Salomon,Sal_Ile_Anglaise,Rats,1,Porites,Hard_Coral,4,0.04
2015,Salomon,Sal_Ile_Anglaise,Rats,1,Isopora,Hard_Coral,4,0.04
2015,Salomon,Sal_Ile_Anglaise,Rats,1,Favia,Hard_Coral,9,0.09
2015,Salomon,Sal_Ile_Anglaise,Rats,1,Acropora,Hard_Coral,21.33,0.2133
2015,Salomon,Sal_Ile_Anglaise,Rats,2,Favites,Hard_Coral,0.33,0.0033
2015,Salomon,Sal_Ile_Anglaise,Rats,2,Pavona,Hard_Coral,0.33,0.0033
2015,Salomon,Sal_Ile_Anglaise,Rats,2,Fungia,Hard_Coral,0.33,0.0033
2015,Salomon,Sal_Ile_Anglaise,Rats,2,Psammocora,Hard_Coral,0.33,0.0033
2015,Salomon,Sal_Ile_Anglaise,Rats,2,Stylophora,Hard_Coral,0.67,0.0067
2015,Salomon,Sal_Ile_Anglaise,Rats,2,Lobophyllia,Hard_Coral,0.67,0.0067
2015,Salomon,Sal_Ile_Anglaise,Rats,2,Porites,Hard_Coral,3.33,0.0333
2015,Salomon,Sal_Ile_Anglaise,Rats,2,Favia,Hard_Coral,5,0.05
2015,Salomon,Sal_Ile_Anglaise,Rats,2,Isopora,Hard_Coral,8.33,0.0833
2015,Salomon,Sal_Ile_Anglaise,Rats,2,Acropora,Hard_Coral,17.33,0.1733
2015,Salomon,Sal_Ile_Anglaise,Rats,3,Favites,Hard_Coral,0.33,0.0033
2015,Salomon,Sal_Ile_Anglaise,Rats,3,Lobophyllia,Hard_Coral,0.33,0.0033
2015,Salomon,Sal_Ile_Anglaise,Rats,3,Seriatopora,Hard_Coral,0.33,0.0033
2015,Salomon,Sal_Ile_Anglaise,Rats,3,Stylophora,Hard_Coral,1.33,0.0133
2015,Salomon,Sal_Ile_Anglaise,Rats,3,Favia,Hard_Coral,1.33,0.0133
2015,Salomon,Sal_Ile_Anglaise,Rats,3,Porites,Hard_Coral,4.33,0.0433
2015,Salomon,Sal_Ile_Anglaise,Rats,3,Isopora,Hard_Coral,13,0.13
2015,Salomon,Sal_Ile_Anglaise,Rats,3,Acropora,Hard_Coral,25.67,0.2567
2015,Salomon,Sal_Ile_Anglaise,Rats,4,Goniastrea,Hard_Coral,0.33,0.0033
2015,Salomon,Sal_Ile_Anglaise,Rats,4,Platygyra,Hard_Coral,0.33,0.0033
2015,Salomon,Sal_Ile_Anglaise,Rats,4,Stylophora,Hard_Coral,0.67,0.0067
2015,Salomon,Sal_Ile_Anglaise,Rats,4,Favites,Hard_Coral,0.67,0.0067
2015,Salomon,Sal_Ile_Anglaise,Rats,4,Pavona,Hard_Coral,0.67,0.0067
2015,Salomon,Sal_Ile_Anglaise,Rats,4,Favia,Hard_Coral,4,0.04
2015,Salomon,Sal_Ile_Anglaise,Rats,4,Acropora,Hard_Coral,14.33,0.1433
2015,Salomon,Sal_Ile_Anglaise,Rats,4,Isopora,Hard_Coral,16.33,0.1633
2018,Salomon,Sal_Ile_Anglaise,Rats,1,Goniastrea,Hard_Coral,3.33,0.0333
2018,Salomon,Sal_Ile_Anglaise,Rats,1,Montastrea,Hard_Coral,3.33,0.0333
2018,Salomon,Sal_Ile_Anglaise,Rats,1,Stylophora,Hard_Coral,3.33,0.0333
2018,Salomon,Sal_Ile_Anglaise,Rats,1,Favia,Hard_Coral,5,0.05
2018,Salomon,Sal_Ile_Anglaise,Rats,1,Lobophyllia,Hard_Coral,8.33,0.0833
2018,Salomon,Sal_Ile_Anglaise,Rats,1,Isopora,Hard_Coral,10,0.1
2018,Salomon,Sal_Ile_Anglaise,Rats,1,Acropora,Hard_Coral,13.33,0.1333
2018,Salomon,Sal_Ile_Anglaise,Rats,2,Montastrea,Hard_Coral,1.72,0.0172
2018,Salomon,Sal_Ile_Anglaise,Rats,2,Favites,Hard_Coral,1.72,0.0172
2018,Salomon,Sal_Ile_Anglaise,Rats,2,Lobophyllia,Hard_Coral,5.17,0.0517
2018,Salomon,Sal_Ile_Anglaise,Rats,2,Isopora,Hard_Coral,6.9,0.069
2018,Salomon,Sal_Ile_Anglaise,Rats,2,Acropora,Hard_Coral,18.97,0.1897
2018,Salomon,Sal_Ile_Anglaise,Rats,3,Goniastrea,Hard_Coral,1.69,0.0169
2018,Salomon,Sal_Ile_Anglaise,Rats,3,Montastrea,Hard_Coral,1.69,0.0169
2018,Salomon,Sal_Ile_Anglaise,Rats,3,Favites,Hard_Coral,1.69,0.0169
2018,Salomon,Sal_Ile_Anglaise,Rats,3,Porites,Hard_Coral,3.39,0.0339
2018,Salomon,Sal_Ile_Anglaise,Rats,3,Isopora,Hard_Coral,5.08,0.0508
2018,Salomon,Sal_Ile_Anglaise,Rats,3,Lobophyllia,Hard_Coral,5.08,0.0508
2018,Salomon,Sal_Ile_Anglaise,Rats,3,Acropora,Hard_Coral,27.12,0.2712
2018,Salomon,Sal_Ile_Anglaise,Rats,4,Favia,Hard_Coral,1.67,0.0167
2018,Salomon,Sal_Ile_Anglaise,Rats,4,Goniastrea,Hard_Coral,3.33,0.0333
2018,Salomon,Sal_Ile_Anglaise,Rats,4,Porites,Hard_Coral,3.33,0.0333
2018,Salomon,Sal_Ile_Anglaise,Rats,4,Montastrea,Hard_Coral,5,0.05
2018,Salomon,Sal_Ile_Anglaise,Rats,4,Isopora,Hard_Coral,8.33,0.0833
2018,Salomon,Sal_Ile_Anglaise,Rats,4,Lobophyllia,Hard_Coral,15,0.15
2018,Salomon,Sal_Ile_Anglaise,Rats,4,Acropora,Hard_Coral,23.33,0.2333
2015,Great_Chagos_Bank,South_Brother,No_rats,1,Pocillopora,Hard_Coral,0.33,0.0033
2015,Great_Chagos_Bank,South_Brother,No_rats,1,Millepora,Hard_Coral,0.67,0.0067
2015,Great_Chagos_Bank,South_Brother,No_rats,1,Acropora,Hard_Coral,1,0.01
2015,Great_Chagos_Bank,South_Brother,No_rats,1,Stylophora,Hard_Coral,9.67,0.0967
2015,Great_Chagos_Bank,South_Brother,No_rats,2,Porites,Hard_Coral,0.33,0.0033
2015,Great_Chagos_Bank,South_Brother,No_rats,2,Favites,Hard_Coral,0.33,0.0033
2015,Great_Chagos_Bank,South_Brother,No_rats,2,Pocillopora,Hard_Coral,0.67,0.0067
2015,Great_Chagos_Bank,South_Brother,No_rats,2,Goniastrea,Hard_Coral,1,0.01
2015,Great_Chagos_Bank,South_Brother,No_rats,2,Millepora,Hard_Coral,2.33,0.0233
2015,Great_Chagos_Bank,South_Brother,No_rats,2,Acropora,Hard_Coral,5.67,0.0567
2015,Great_Chagos_Bank,South_Brother,No_rats,2,Stylophora,Hard_Coral,8.33,0.0833
2015,Great_Chagos_Bank,South_Brother,No_rats,3,Pocillopora,Hard_Coral,0.33,0.0033
2015,Great_Chagos_Bank,South_Brother,No_rats,3,Millepora,Hard_Coral,0.33,0.0033
2015,Great_Chagos_Bank,South_Brother,No_rats,3,Acropora,Hard_Coral,3,0.03
2015,Great_Chagos_Bank,South_Brother,No_rats,3,Stylophora,Hard_Coral,9.33,0.0933
2015,Great_Chagos_Bank,South_Brother,No_rats,4,Platygyra,Hard_Coral,0.33,0.0033
2015,Great_Chagos_Bank,South_Brother,No_rats,4,Acropora,Hard_Coral,1,0.01
2015,Great_Chagos_Bank,South_Brother,No_rats,4,Pocillopora,Hard_Coral,1.33,0.0133
2015,Great_Chagos_Bank,South_Brother,No_rats,4,Stylophora,Hard_Coral,7.33,0.0733
2018,Great_Chagos_Bank,South_Brother,No_rats,1,Porites,Hard_Coral,6.67,0.0667
2018,Great_Chagos_Bank,South_Brother,No_rats,1,Acropora,Hard_Coral,8.33,0.0833
2018,Great_Chagos_Bank,South_Brother,No_rats,2,Porites,Hard_Coral,1.67,0.0167
2018,Great_Chagos_Bank,South_Brother,No_rats,2,Leptoria,Hard_Coral,1.67,0.0167
2018,Great_Chagos_Bank,South_Brother,No_rats,3,Acropora,Hard_Coral,3.33,0.0333
2018,Great_Chagos_Bank,South_Brother,No_rats,3,Porites,Hard_Coral,8.33,0.0833
2018,Great_Chagos_Bank,South_Brother,No_rats,4,Acropora,Hard_Coral,3.33,0.0333
2018,Great_Chagos_Bank,South_Brother,No_rats,4,Porites,Hard_Coral,10,0.1
2015,Peros_Banhos,Grande_Ile_Coquillage,No_rats,1,Caulerpa,Other_Benthos,0.33,0.0033
2015,Peros_Banhos,Grande_Ile_Coquillage,No_rats,2,Caulerpa,Other_Benthos,0.33,0.0033
2018,Salomon,Ile_de_la_Passe,No_rats,1,Lobophora,Other_Benthos,1.69,0.0169
2015,Salomon,Ile_Fouquet,Rats,1,Caulerpa,Other_Benthos,0.33,0.0033
2015,Great_Chagos_Bank,South_Brother,No_rats,2,Asparagopsis,Other_Benthos,0.33,0.0033
2015,Great_Chagos_Bank,South_Brother,No_rats,3,Asparagopsis,Other_Benthos,2,0.02
2015,Great_Chagos_Bank,South_Brother,No_rats,4,Caulerpa,Other_Benthos,0.33,0.0033
2018,Peros_Banhos,Grande_Ile_Coquillage,No_rats,1,n/a,Other_Benthos,1.67,0.0167
2018,Peros_Banhos,Grande_Ile_Coquillage,No_rats,2,n/a,Other_Benthos,3.33,0.0333
2018,Peros_Banhos,Grande_Ile_Coquillage,No_rats,3,n/a,Other_Benthos,6.67,0.0667
2018,Peros_Banhos,Grande_Ile_Coquillage,No_rats,4,n/a,Other_Benthos,5,0.05
2018,Salomon,Ile_de_la_Passe,No_rats,2,n/a,Other_Benthos,1.69,0.0169
2018,Salomon,Ile_Fouquet,Rats,3,n/a,Other_Benthos,1.67,0.0167
2018,Peros_Banhos,Ile_Poule,Rats,3,n/a,Other_Benthos,1.67,0.0167
2018,Peros_Banhos,Ile_Poule,Rats,4,n/a,Other_Benthos,3.33,0.0333
2018,Peros_Banhos,PB_Ile_Anglaise,Rats,1,n/a,Other_Benthos,6.67,0.0667
2018,Peros_Banhos,PB_Ile_Anglaise,Rats,2,n/a,Other_Benthos,8.33,0.0833
2018,Peros_Banhos,PB_Ile_Anglaise,Rats,3,n/a,Other_Benthos,5,0.05
2018,Salomon,Sal_Ile_Anglaise,Rats,2,n/a,Other_Benthos,1.72,0.0172
2018,Salomon,Sal_Ile_Anglaise,Rats,3,n/a,Other_Benthos,1.69,0.0169
2015,Great_Chagos_Bank,Eagle,Rats,1,n/a,Pavement,57.33,0.5733
2015,Great_Chagos_Bank,Eagle,Rats,2,n/a,Pavement,34.33,0.3433
2015,Great_Chagos_Bank,Eagle,Rats,3,n/a,Pavement,51.67,0.5167
2015,Great_Chagos_Bank,Eagle,Rats,4,n/a,Pavement,45.67,0.4567
2015,Peros_Banhos,Grande_Ile_Coquillage,No_rats,1,n/a,Pavement,44.83,0.4483
2015,Peros_Banhos,Grande_Ile_Coquillage,No_rats,2,n/a,Pavement,52.67,0.5267
2015,Peros_Banhos,Grande_Ile_Coquillage,No_rats,3,n/a,Pavement,46.67,0.4667
2015,Peros_Banhos,Grande_Ile_Coquillage,No_rats,4,n/a,Pavement,11.33,0.1133
2018,Peros_Banhos,Grande_Ile_Coquillage,No_rats,1,n/a,Pavement,6.67,0.0667
2018,Peros_Banhos,Grande_Ile_Coquillage,No_rats,2,n/a,Pavement,21.67,0.2167
2018,Peros_Banhos,Grande_Ile_Coquillage,No_rats,3,n/a,Pavement,1.67,0.0167
2018,Peros_Banhos,Grande_Ile_Coquillage,No_rats,4,n/a,Pavement,8.33,0.0833
2015,Peros_Banhos,Grande_Ile_Mapou,Rats,1,n/a,Pavement,47.67,0.4767
2015,Peros_Banhos,Grande_Ile_Mapou,Rats,2,n/a,Pavement,37.67,0.3767
2015,Peros_Banhos,Grande_Ile_Mapou,Rats,3,n/a,Pavement,54.67,0.5467
2015,Peros_Banhos,Grande_Ile_Mapou,Rats,4,n/a,Pavement,57.67,0.5767
2018,Peros_Banhos,Grande_Ile_Mapou,Rats,1,n/a,Pavement,48.33,0.4833
2018,Peros_Banhos,Grande_Ile_Mapou,Rats,2,n/a,Pavement,38.33,0.3833
2018,Peros_Banhos,Grande_Ile_Mapou,Rats,3,n/a,Pavement,58.33,0.5833
2018,Peros_Banhos,Grande_Ile_Mapou,Rats,4,n/a,Pavement,65,0.65
2015,Salomon,Ile_de_la_Passe,No_rats,1,n/a,Pavement,17.33,0.1733
2015,Salomon,Ile_de_la_Passe,No_rats,2,n/a,Pavement,20.67,0.2067
2015,Salomon,Ile_de_la_Passe,No_rats,3,n/a,Pavement,45.33,0.4533
2015,Salomon,Ile_de_la_Passe,No_rats,4,n/a,Pavement,59.33,0.5933
2018,Salomon,Ile_de_la_Passe,No_rats,1,n/a,Pavement,1.69,0.0169
2015,Salomon,Ile_Fouquet,Rats,1,n/a,Pavement,49.33,0.4933
2015,Salomon,Ile_Fouquet,Rats,2,n/a,Pavement,42.67,0.4267
2015,Salomon,Ile_Fouquet,Rats,3,n/a,Pavement,54.33,0.5433
2015,Salomon,Ile_Fouquet,Rats,4,n/a,Pavement,49,0.49
2018,Salomon,Ile_Fouquet,Rats,1,n/a,Pavement,23.33,0.2333
2018,Salomon,Ile_Fouquet,Rats,2,n/a,Pavement,21.67,0.2167
2018,Salomon,Ile_Fouquet,Rats,3,n/a,Pavement,20,0.2
2018,Salomon,Ile_Fouquet,Rats,4,n/a,Pavement,18.64,0.1864
2015,Peros_Banhos,Ile_Longue,No_rats,1,n/a,Pavement,57,0.57
2015,Peros_Banhos,Ile_Longue,No_rats,2,n/a,Pavement,53.33,0.5333
2015,Peros_Banhos,Ile_Longue,No_rats,3,n/a,Pavement,55.33,0.5533
2015,Peros_Banhos,Ile_Longue,No_rats,4,n/a,Pavement,48,0.48
2018,Peros_Banhos,Ile_Longue,No_rats,1,n/a,Pavement,5,0.05
2018,Peros_Banhos,Ile_Longue,No_rats,2,n/a,Pavement,5,0.05
2018,Peros_Banhos,Ile_Longue,No_rats,3,n/a,Pavement,8.33,0.0833
2018,Peros_Banhos,Ile_Longue,No_rats,4,n/a,Pavement,3.33,0.0333
2015,Peros_Banhos,Ile_Poule,Rats,1,n/a,Pavement,58.67,0.5867
2015,Peros_Banhos,Ile_Poule,Rats,2,n/a,Pavement,54.33,0.5433
2015,Peros_Banhos,Ile_Poule,Rats,3,n/a,Pavement,71.33,0.7133
2015,Peros_Banhos,Ile_Poule,Rats,4,n/a,Pavement,52,0.52
2018,Peros_Banhos,Ile_Poule,Rats,1,n/a,Pavement,40,0.4
2018,Peros_Banhos,Ile_Poule,Rats,2,n/a,Pavement,81.67,0.8167
2018,Peros_Banhos,Ile_Poule,Rats,3,n/a,Pavement,8.33,0.0833
2018,Peros_Banhos,Ile_Poule,Rats,4,n/a,Pavement,40,0.4
2015,Great_Chagos_Bank,Middle_Brother,No_rats,1,n/a,Pavement,51.33,0.5133
2015,Great_Chagos_Bank,Middle_Brother,No_rats,2,n/a,Pavement,33,0.33
2015,Great_Chagos_Bank,Middle_Brother,No_rats,3,n/a,Pavement,45,0.45
2015,Great_Chagos_Bank,Middle_Brother,No_rats,4,n/a,Pavement,53,0.53
2018,Great_Chagos_Bank,Middle_Brother,No_rats,2,n/a,Pavement,8.33,0.0833
2018,Great_Chagos_Bank,Middle_Brother,No_rats,3,n/a,Pavement,8.33,0.0833
2018,Great_Chagos_Bank,Middle_Brother,No_rats,4,n/a,Pavement,1.67,0.0167
2015,Great_Chagos_Bank,Nelson_Island,No_rats,1,n/a,Pavement,45,0.45
2015,Great_Chagos_Bank,Nelson_Island,No_rats,2,n/a,Pavement,19.67,0.1967
2015,Great_Chagos_Bank,Nelson_Island,No_rats,3,n/a,Pavement,31,0.31
2015,Great_Chagos_Bank,Nelson_Island,No_rats,4,n/a,Pavement,50.33,0.5033
2015,Peros_Banhos,PB_Ile_Anglaise,Rats,1,n/a,Pavement,4,0.04
2015,Peros_Banhos,PB_Ile_Anglaise,Rats,1,n/a,Pavement,45.67,0.4567
2015,Peros_Banhos,PB_Ile_Anglaise,Rats,2,n/a,Pavement,13,0.13
2015,Peros_Banhos,PB_Ile_Anglaise,Rats,2,n/a,Pavement,57.5,0.575
2015,Peros_Banhos,PB_Ile_Anglaise,Rats,3,n/a,Pavement,4.33,0.0433
2015,Peros_Banhos,PB_Ile_Anglaise,Rats,3,n/a,Pavement,54.5,0.545
2015,Peros_Banhos,PB_Ile_Anglaise,Rats,4,n/a,Pavement,51.5,0.515
2018,Peros_Banhos,PB_Ile_Anglaise,Rats,1,n/a,Pavement,23.33,0.2333
2018,Peros_Banhos,PB_Ile_Anglaise,Rats,2,n/a,Pavement,41.67,0.4167
2018,Peros_Banhos,PB_Ile_Anglaise,Rats,3,n/a,Pavement,43.33,0.4333
2018,Peros_Banhos,PB_Ile_Anglaise,Rats,4,n/a,Pavement,65,0.65
2015,Salomon,Sal_Ile_Anglaise,Rats,1,n/a,Pavement,52.67,0.5267
2015,Salomon,Sal_Ile_Anglaise,Rats,2,n/a,Pavement,55,0.55
2015,Salomon,Sal_Ile_Anglaise,Rats,3,n/a,Pavement,53,0.53
2015,Salomon,Sal_Ile_Anglaise,Rats,4,n/a,Pavement,56,0.56
2018,Salomon,Sal_Ile_Anglaise,Rats,1,n/a,Pavement,20,0.2
2018,Salomon,Sal_Ile_Anglaise,Rats,2,n/a,Pavement,17.24,0.1724
2018,Salomon,Sal_Ile_Anglaise,Rats,3,n/a,Pavement,22.03,0.2203
2018,Salomon,Sal_Ile_Anglaise,Rats,4,n/a,Pavement,15,0.15
2015,Great_Chagos_Bank,South_Brother,No_rats,1,n/a,Pavement,74.67,0.7467
2015,Great_Chagos_Bank,South_Brother,No_rats,2,n/a,Pavement,74.33,0.7433
2015,Great_Chagos_Bank,South_Brother,No_rats,3,n/a,Pavement,78,0.78
2015,Great_Chagos_Bank,South_Brother,No_rats,4,n/a,Pavement,71.33,0.7133
2018,Great_Chagos_Bank,South_Brother,No_rats,1,n/a,Pavement,25,0.25
2018,Great_Chagos_Bank,South_Brother,No_rats,2,n/a,Pavement,26.67,0.2667
2018,Great_Chagos_Bank,South_Brother,No_rats,3,n/a,Pavement,30,0.3
2018,Great_Chagos_Bank,South_Brother,No_rats,4,n/a,Pavement,55,0.55
2018,Peros_Banhos,Grande_Ile_Coquillage,No_rats,1,n/a,Pavement,11.67,0.1167
2018,Peros_Banhos,Grande_Ile_Coquillage,No_rats,2,n/a,Pavement,11.67,0.1167
2018,Peros_Banhos,Grande_Ile_Coquillage,No_rats,3,n/a,Pavement,21.67,0.2167
2018,Peros_Banhos,Grande_Ile_Coquillage,No_rats,4,n/a,Pavement,11.67,0.1167
2018,Peros_Banhos,Grande_Ile_Mapou,Rats,1,n/a,Pavement,8.33,0.0833
2018,Peros_Banhos,Grande_Ile_Mapou,Rats,2,n/a,Pavement,5,0.05
2018,Peros_Banhos,Grande_Ile_Mapou,Rats,3,n/a,Pavement,13.33,0.1333
2018,Peros_Banhos,Grande_Ile_Mapou,Rats,4,n/a,Pavement,10,0.1
2018,Salomon,Ile_de_la_Passe,No_rats,1,n/a,Pavement,30.51,0.3051
2018,Salomon,Ile_de_la_Passe,No_rats,2,n/a,Pavement,38.98,0.3898
2018,Salomon,Ile_de_la_Passe,No_rats,3,n/a,Pavement,21.43,0.2143
2018,Salomon,Ile_de_la_Passe,No_rats,4,n/a,Pavement,15,0.15
2018,Salomon,Ile_Fouquet,Rats,1,n/a,Pavement,26.67,0.2667
2018,Salomon,Ile_Fouquet,Rats,2,n/a,Pavement,40,0.4
2018,Salomon,Ile_Fouquet,Rats,3,n/a,Pavement,43.33,0.4333
2018,Salomon,Ile_Fouquet,Rats,4,n/a,Pavement,62.71,0.6271
2018,Peros_Banhos,Ile_Longue,No_rats,1,n/a,Pavement,1.67,0.0167
2018,Peros_Banhos,Ile_Longue,No_rats,2,n/a,Pavement,13.33,0.1333
2018,Peros_Banhos,Ile_Longue,No_rats,3,n/a,Pavement,5,0.05
2018,Peros_Banhos,Ile_Longue,No_rats,4,n/a,Pavement,3.33,0.0333
2018,Peros_Banhos,Ile_Poule,Rats,1,n/a,Pavement,6.67,0.0667
2018,Peros_Banhos,Ile_Poule,Rats,2,n/a,Pavement,1.67,0.0167
2018,Peros_Banhos,Ile_Poule,Rats,3,n/a,Pavement,8.33,0.0833
2018,Great_Chagos_Bank,Middle_Brother,No_rats,1,n/a,Pavement,1.67,0.0167
2018,Great_Chagos_Bank,Middle_Brother,No_rats,2,n/a,Pavement,3.33,0.0333
2018,Great_Chagos_Bank,Middle_Brother,No_rats,3,n/a,Pavement,3.33,0.0333
2018,Great_Chagos_Bank,Middle_Brother,No_rats,4,n/a,Pavement,3.33,0.0333
2018,Peros_Banhos,PB_Ile_Anglaise,Rats,1,n/a,Pavement,3.33,0.0333
2018,Peros_Banhos,PB_Ile_Anglaise,Rats,2,n/a,Pavement,6.67,0.0667
2018,Peros_Banhos,PB_Ile_Anglaise,Rats,3,n/a,Pavement,1.67,0.0167
2018,Peros_Banhos,PB_Ile_Anglaise,Rats,4,n/a,Pavement,5,0.05
2018,Salomon,Sal_Ile_Anglaise,Rats,1,n/a,Pavement,13.33,0.1333
2018,Salomon,Sal_Ile_Anglaise,Rats,2,n/a,Pavement,25.86,0.2586
2018,Salomon,Sal_Ile_Anglaise,Rats,3,n/a,Pavement,16.95,0.1695
2018,Salomon,Sal_Ile_Anglaise,Rats,4,n/a,Pavement,15,0.15
2018,Great_Chagos_Bank,South_Brother,No_rats,1,n/a,Pavement,16.67,0.1667
2018,Great_Chagos_Bank,South_Brother,No_rats,2,n/a,Pavement,5,0.05
2018,Great_Chagos_Bank,South_Brother,No_rats,3,n/a,Pavement,13.33,0.1333
2018,Great_Chagos_Bank,South_Brother,No_rats,4,n/a,Pavement,3.33,0.0333
2015,Great_Chagos_Bank,Eagle,Rats,1,n/a,Rubble,1.33,0.0133
2015,Great_Chagos_Bank,Eagle,Rats,3,n/a,Rubble,0.67,0.0067
2015,Peros_Banhos,Grande_Ile_Coquillage,No_rats,1,n/a,Rubble,11.67,0.1167
2015,Peros_Banhos,Grande_Ile_Coquillage,No_rats,2,n/a,Rubble,6.33,0.0633
2015,Peros_Banhos,Grande_Ile_Coquillage,No_rats,3,n/a,Rubble,21,0.21
2015,Peros_Banhos,Grande_Ile_Coquillage,No_rats,4,n/a,Rubble,23.33,0.2333
2018,Peros_Banhos,Grande_Ile_Coquillage,No_rats,1,n/a,Rubble,8.33,0.0833
2018,Peros_Banhos,Grande_Ile_Coquillage,No_rats,2,n/a,Rubble,16.67,0.1667
2018,Peros_Banhos,Grande_Ile_Coquillage,No_rats,3,n/a,Rubble,8.33,0.0833
2018,Peros_Banhos,Grande_Ile_Coquillage,No_rats,4,n/a,Rubble,13.33,0.1333
2015,Peros_Banhos,Grande_Ile_Mapou,Rats,1,n/a,Rubble,2.67,0.0267
2015,Peros_Banhos,Grande_Ile_Mapou,Rats,2,n/a,Rubble,13,0.13
2015,Peros_Banhos,Grande_Ile_Mapou,Rats,3,n/a,Rubble,4,0.04
2018,Peros_Banhos,Grande_Ile_Mapou,Rats,1,n/a,Rubble,23.33,0.2333
2018,Peros_Banhos,Grande_Ile_Mapou,Rats,2,n/a,Rubble,28.33,0.2833
2018,Peros_Banhos,Grande_Ile_Mapou,Rats,4,n/a,Rubble,1.67,0.0167
2015,Salomon,Ile_de_la_Passe,No_rats,1,n/a,Rubble,3,0.03
2015,Salomon,Ile_de_la_Passe,No_rats,2,n/a,Rubble,2.33,0.0233
2015,Salomon,Ile_de_la_Passe,No_rats,3,n/a,Rubble,7.33,0.0733
2015,Salomon,Ile_de_la_Passe,No_rats,4,n/a,Rubble,3.33,0.0333
2018,Salomon,Ile_de_la_Passe,No_rats,1,n/a,Rubble,11.86,0.1186
2018,Salomon,Ile_de_la_Passe,No_rats,3,n/a,Rubble,7.14,0.0714
2015,Salomon,Ile_Fouquet,Rats,2,n/a,Rubble,4,0.04
2015,Salomon,Ile_Fouquet,Rats,3,n/a,Rubble,3.67,0.0367
2015,Salomon,Ile_Fouquet,Rats,4,n/a,Rubble,1,0.01
2015,Peros_Banhos,Ile_Longue,No_rats,1,n/a,Rubble,2,0.02
2015,Peros_Banhos,Ile_Longue,No_rats,3,n/a,Rubble,3,0.03
2015,Peros_Banhos,Ile_Longue,No_rats,4,n/a,Rubble,2,0.02
2018,Peros_Banhos,Ile_Longue,No_rats,1,n/a,Rubble,1.67,0.0167
2018,Peros_Banhos,Ile_Longue,No_rats,2,n/a,Rubble,1.67,0.0167
2018,Peros_Banhos,Ile_Longue,No_rats,3,n/a,Rubble,8.33,0.0833
2018,Peros_Banhos,Ile_Longue,No_rats,4,n/a,Rubble,1.67,0.0167
2015,Peros_Banhos,Ile_Poule,Rats,1,n/a,Rubble,12,0.12
2015,Peros_Banhos,Ile_Poule,Rats,2,n/a,Rubble,8.67,0.0867
2015,Peros_Banhos,Ile_Poule,Rats,3,n/a,Rubble,11,0.11
2015,Peros_Banhos,Ile_Poule,Rats,4,n/a,Rubble,4.67,0.0467
2018,Peros_Banhos,Ile_Poule,Rats,1,n/a,Rubble,8.33,0.0833
2018,Peros_Banhos,Ile_Poule,Rats,3,n/a,Rubble,6.67,0.0667
2018,Peros_Banhos,Ile_Poule,Rats,4,n/a,Rubble,10,0.1
2015,Great_Chagos_Bank,Middle_Brother,No_rats,1,n/a,Rubble,16,0.16
2015,Great_Chagos_Bank,Middle_Brother,No_rats,2,n/a,Rubble,6.67,0.0667
2015,Great_Chagos_Bank,Middle_Brother,No_rats,3,n/a,Rubble,28,0.28
2015,Great_Chagos_Bank,Middle_Brother,No_rats,4,n/a,Rubble,14,0.14
2018,Great_Chagos_Bank,Middle_Brother,No_rats,1,n/a,Rubble,5,0.05
2018,Great_Chagos_Bank,Middle_Brother,No_rats,2,n/a,Rubble,8.33,0.0833
2018,Great_Chagos_Bank,Middle_Brother,No_rats,3,n/a,Rubble,15,0.15
2018,Great_Chagos_Bank,Middle_Brother,No_rats,4,n/a,Rubble,10,0.1
2015,Great_Chagos_Bank,Nelson_Island,No_rats,1,n/a,Rubble,4.33,0.0433
2015,Great_Chagos_Bank,Nelson_Island,No_rats,2,n/a,Rubble,12,0.12
2015,Great_Chagos_Bank,Nelson_Island,No_rats,4,n/a,Rubble,2.33,0.0233
2015,Peros_Banhos,PB_Ile_Anglaise,Rats,1,n/a,Rubble,34.67,0.3467
2015,Peros_Banhos,PB_Ile_Anglaise,Rats,2,n/a,Rubble,15.67,0.1567
2015,Peros_Banhos,PB_Ile_Anglaise,Rats,3,n/a,Rubble,17,0.17
2015,Peros_Banhos,PB_Ile_Anglaise,Rats,4,n/a,Rubble,20.33,0.2033
2018,Peros_Banhos,PB_Ile_Anglaise,Rats,1,n/a,Rubble,43.33,0.4333
2018,Peros_Banhos,PB_Ile_Anglaise,Rats,2,n/a,Rubble,23.33,0.2333
2018,Peros_Banhos,PB_Ile_Anglaise,Rats,3,n/a,Rubble,26.67,0.2667
2018,Peros_Banhos,PB_Ile_Anglaise,Rats,4,n/a,Rubble,13.33,0.1333
2015,Salomon,Sal_Ile_Anglaise,Rats,1,n/a,Rubble,2.33,0.0233
2015,Salomon,Sal_Ile_Anglaise,Rats,2,n/a,Rubble,1,0.01
2015,Salomon,Sal_Ile_Anglaise,Rats,4,n/a,Rubble,6.67,0.0667
2018,Salomon,Sal_Ile_Anglaise,Rats,1,n/a,Rubble,5,0.05
2015,Great_Chagos_Bank,South_Brother,No_rats,1,n/a,Rubble,4.67,0.0467
2015,Great_Chagos_Bank,South_Brother,No_rats,2,n/a,Rubble,4,0.04
2015,Great_Chagos_Bank,South_Brother,No_rats,4,n/a,Rubble,2,0.02
2018,Great_Chagos_Bank,South_Brother,No_rats,1,n/a,Rubble,3.33,0.0333
2015,Peros_Banhos,Grande_Ile_Mapou,Rats,1,n/a,Sand,1.67,0.0167
2015,Peros_Banhos,Grande_Ile_Mapou,Rats,3,n/a,Sand,1,0.01
2015,Peros_Banhos,Grande_Ile_Mapou,Rats,4,n/a,Sand,5,0.05
2018,Peros_Banhos,Grande_Ile_Mapou,Rats,1,n/a,Sand,6.67,0.0667
2018,Peros_Banhos,Grande_Ile_Mapou,Rats,2,n/a,Sand,8.33,0.0833
2018,Peros_Banhos,Grande_Ile_Mapou,Rats,3,n/a,Sand,11.67,0.1167
2018,Peros_Banhos,Grande_Ile_Mapou,Rats,4,n/a,Sand,10,0.1
2015,Salomon,Ile_de_la_Passe,No_rats,1,n/a,Sand,8,0.08
2015,Salomon,Ile_de_la_Passe,No_rats,2,n/a,Sand,10,0.1
2015,Salomon,Ile_de_la_Passe,No_rats,3,n/a,Sand,13,0.13
2015,Salomon,Ile_de_la_Passe,No_rats,4,n/a,Sand,8.33,0.0833
2018,Salomon,Ile_de_la_Passe,No_rats,4,n/a,Sand,3.33,0.0333
2018,Salomon,Ile_Fouquet,Rats,2,n/a,Sand,1.67,0.0167
2015,Great_Chagos_Bank,Middle_Brother,No_rats,1,n/a,Sand,2.67,0.0267
2015,Great_Chagos_Bank,Middle_Brother,No_rats,2,n/a,Sand,0.67,0.0067
2015,Great_Chagos_Bank,Middle_Brother,No_rats,3,n/a,Sand,2,0.02
2018,Great_Chagos_Bank,Middle_Brother,No_rats,1,n/a,Sand,5,0.05
2018,Great_Chagos_Bank,Middle_Brother,No_rats,2,n/a,Sand,6.67,0.0667
2018,Great_Chagos_Bank,Middle_Brother,No_rats,3,n/a,Sand,10,0.1
2018,Great_Chagos_Bank,Middle_Brother,No_rats,4,n/a,Sand,3.33,0.0333
2015,Peros_Banhos,PB_Ile_Anglaise,Rats,3,n/a,Sand,11,0.11
2015,Peros_Banhos,PB_Ile_Anglaise,Rats,4,n/a,Sand,8.67,0.0867
2018,Peros_Banhos,PB_Ile_Anglaise,Rats,4,n/a,Sand,8.33,0.0833
2015,Salomon,Sal_Ile_Anglaise,Rats,2,n/a,Sand,7.33,0.0733
2018,Salomon,Sal_Ile_Anglaise,Rats,1,n/a,Sand,8.33,0.0833
2018,Salomon,Sal_Ile_Anglaise,Rats,2,n/a,Sand,5.17,0.0517
2018,Salomon,Sal_Ile_Anglaise,Rats,3,n/a,Sand,6.78,0.0678
2018,Salomon,Sal_Ile_Anglaise,Rats,4,n/a,Sand,6.67,0.0667
2015,Great_Chagos_Bank,Eagle,Rats,2,n/a,Soft_Coral,1,0.01
2015,Great_Chagos_Bank,Eagle,Rats,3,n/a,Soft_Coral,0.33,0.0033
2015,Great_Chagos_Bank,Eagle,Rats,4,n/a,Soft_Coral,0.67,0.0067
2015,Peros_Banhos,Grande_Ile_Coquillage,No_rats,4,n/a,Soft_Coral,0.33,0.0033
2015,Peros_Banhos,Grande_Ile_Mapou,Rats,1,n/a,Soft_Coral,0.33,0.0033
2015,Peros_Banhos,Grande_Ile_Mapou,Rats,2,n/a,Soft_Coral,4,0.04
2015,Peros_Banhos,Grande_Ile_Mapou,Rats,3,n/a,Soft_Coral,1,0.01
2015,Peros_Banhos,Grande_Ile_Mapou,Rats,4,n/a,Soft_Coral,4.67,0.0467
2015,Peros_Banhos,Ile_Longue,No_rats,1,n/a,Soft_Coral,1,0.01
2015,Peros_Banhos,Ile_Longue,No_rats,2,n/a,Soft_Coral,1,0.01
2015,Peros_Banhos,Ile_Longue,No_rats,4,n/a,Soft_Coral,0.33,0.0033
2015,Great_Chagos_Bank,Middle_Brother,No_rats,1,n/a,Soft_Coral,9.33,0.0933
2015,Great_Chagos_Bank,Middle_Brother,No_rats,2,n/a,Soft_Coral,1.67,0.0167
2015,Great_Chagos_Bank,Middle_Brother,No_rats,3,n/a,Soft_Coral,1,0.01
2018,Great_Chagos_Bank,Middle_Brother,No_rats,1,n/a,Soft_Coral,8.33,0.0833
2018,Great_Chagos_Bank,Middle_Brother,No_rats,2,n/a,Soft_Coral,8.33,0.0833
2018,Great_Chagos_Bank,Middle_Brother,No_rats,3,n/a,Soft_Coral,10,0.1
2018,Great_Chagos_Bank,Middle_Brother,No_rats,4,n/a,Soft_Coral,33.33,0.3333
2015,Great_Chagos_Bank,Nelson_Island,No_rats,1,n/a,Soft_Coral,18.33,0.1833
2015,Great_Chagos_Bank,Nelson_Island,No_rats,2,n/a,Soft_Coral,16.67,0.1667
2015,Great_Chagos_Bank,Nelson_Island,No_rats,3,n/a,Soft_Coral,11.33,0.1133
2015,Great_Chagos_Bank,Nelson_Island,No_rats,4,n/a,Soft_Coral,17.33,0.1733
2015,Salomon,Sal_Ile_Anglaise,Rats,1,n/a,Soft_Coral,0.67,0.0067
2018,Salomon,Sal_Ile_Anglaise,Rats,1,n/a,Soft_Coral,5,0.05
2018,Salomon,Sal_Ile_Anglaise,Rats,2,n/a,Soft_Coral,8.62,0.0862
2018,Salomon,Sal_Ile_Anglaise,Rats,4,n/a,Soft_Coral,3.33,0.0333
2015,Great_Chagos_Bank,South_Brother,No_rats,1,n/a,Soft_Coral,2,0.02
2015,Great_Chagos_Bank,South_Brother,No_rats,2,n/a,Soft_Coral,2,0.02
2015,Great_Chagos_Bank,South_Brother,No_rats,3,n/a,Soft_Coral,1.67,0.0167
2015,Great_Chagos_Bank,South_Brother,No_rats,4,n/a,Soft_Coral,1.67,0.0167
2015,Great_Chagos_Bank,Eagle,Rats,2,n/a,Sponge,0.67,0.0067
2015,Peros_Banhos,Grande_Ile_Coquillage,No_rats,1,n/a,Sponge,7.33,0.0733
2015,Peros_Banhos,Grande_Ile_Coquillage,No_rats,2,n/a,Sponge,6.67,0.0667
2015,Peros_Banhos,Grande_Ile_Coquillage,No_rats,3,n/a,Sponge,8.33,0.0833
2015,Peros_Banhos,Grande_Ile_Coquillage,No_rats,4,n/a,Sponge,7.33,0.0733
2018,Peros_Banhos,Grande_Ile_Mapou,Rats,1,n/a,Sponge,1.67,0.0167
2018,Salomon,Ile_de_la_Passe,No_rats,3,n/a,Sponge,1.79,0.0179
2018,Peros_Banhos,Ile_Longue,No_rats,3,n/a,Sponge,3.33,0.0333
2018,Peros_Banhos,Ile_Longue,No_rats,4,n/a,Sponge,1.67,0.0167
2015,Great_Chagos_Bank,Middle_Brother,No_rats,3,n/a,Sponge,0.33,0.0033
2015,Great_Chagos_Bank,Nelson_Island,No_rats,1,n/a,Sponge,1.67,0.0167
2015,Great_Chagos_Bank,Nelson_Island,No_rats,2,n/a,Sponge,3.67,0.0367
2015,Great_Chagos_Bank,Nelson_Island,No_rats,3,n/a,Sponge,6.33,0.0633
2015,Great_Chagos_Bank,Nelson_Island,No_rats,4,n/a,Sponge,2,0.02
2015,Salomon,Sal_Ile_Anglaise,Rats,1,n/a,Sponge,0.33,0.0033
2015,Great_Chagos_Bank,South_Brother,No_rats,1,n/a,Sponge,0.33,0.0033
2018,Great_Chagos_Bank,South_Brother,No_rats,3,n/a,Sponge,1.67,0.0167
